"ID","Group","Category","Epic","Parent Task","Task Name","User Story","Description","Acceptance Criteria","Mockups","Notes","Responsible"

"CUBE-D3-001","Core Platform","UI/UX","Unified Intake Architecture","Single Entry Screen","Launch Unified Intake Screen","As a Customer Support Specialist (CSS), I want a single intake screen for all products, so that I can create quotes without navigating multiple modules.","Day 3 introduced replacing fragmented QuickBase flows with a unified orchestration screen. The intake must centralize customer, site, product, pricing, and scheduling into one structured workflow. This reduces context switching and speeds up live calls.","1. Intake screen must allow product selection first.\n2. Customer lookup embedded within intake.\n3. Site selection or creation inline.\n4. Pricing visible without page navigation.\n5. Saving creates related records in one workflow.","Day 3, Part 1 [0:05:00 – 0:12:00]","Architectural backbone of Cube replacing multi-tab quoting.","TBD"

"CUBE-D3-002","Core Platform","Functional Logic","Dynamic Rendering","Product-Based Field Logic","Render Fields Based on Product Selection","As a Customer Support Specialist (CSS), I want intake fields to dynamically change based on product type, so that I only see relevant inputs.","Product-first design was emphasized. Each ZTERS product line has unique required fields. The UI must adapt automatically.","1. Product selection triggers dynamic field rendering.\n2. Irrelevant fields hidden.\n3. Required fields update dynamically.\n4. Switching product clears incompatible inputs.\n5. Rendering under 1 second.","Day 3, Part 1 [0:15:00 – 0:22:00]","Prevents clutter and user confusion across 9 product lines.","TBD"

"CUBE-D3-003","Customer Management","UI/UX","Embedded Customer Lookup","Customer Search Modal","Search Existing Customer Inline","As a Customer Support Specialist (CSS), I want to search and select customers within intake, so that I avoid leaving the quote flow.","Customer lookup must be embedded to prevent workflow interruption during live calls.","1. Search by name, phone, or email.\n2. Results appear in under 1 second.\n3. Select customer without leaving intake.\n4. Option to create new if not found.\n5. Preserve intake state during lookup.","Day 3, Part 1 [0:22:00 – 0:28:00]","Eliminates tab-switching during quoting.","TBD"

"CUBE-D3-004","Site Management","Functional Logic","Inline Site Creation","Site Modal","Create Site Without Leaving Intake","As a Customer Support Specialist (CSS), I want to create a site inline, so that quoting does not require separate navigation.","Site creation must occur within the unified intake modal.","1. Site form opens in modal.\n2. Address validation required.\n3. Save attaches site to intake record.\n4. Prevent duplicate sites by address.\n5. Closing modal preserves intake progress.","Day 3, Part 1 [0:28:00 – 0:35:00]","Prevents workflow fragmentation.","TBD"

"CUBE-D3-005","Pricing & Margin Engine","Calculation Engine","Embedded Pricing Tool","Inline Margin Calculation","Calculate Pricing Within Intake","As a Customer Support Specialist (CSS), I want pricing calculated within intake, so that margin visibility is immediate.","Pricing engine from Day 2 must be embedded directly into intake.","1. Vendor cost editable inline.\n2. Suggested rate auto-calculated.\n3. Real-time margin display.\n4. Approval triggers visible instantly.\n5. Block save below hard floor margin.","Day 3, Part 1 [0:35:00 – 0:42:00]","Connects Day 2 logic to intake.","TBD"

"CUBE-D3-006","Core Platform","Data Integrity","Transactional Save","Atomic Record Creation","Create All Related Records Atomically","As a Customer Support Specialist (CSS), I want all related records created in one transaction, so that partial data is never saved.","Intake must prevent orphan records when failures occur.","1. Save creates Customer, Site, Quote together.\n2. Rollback entire transaction if any failure.\n3. Clear error messaging.\n4. Log failure details.\n5. Prevent duplicate submission.","Day 3, Part 1 [0:42:00 – 0:48:00]","Requires backend transaction control.","TBD"

"CUBE-D3-007","Customer Management","UI/UX","Customer Context Panel","Financial Snapshot","Display Customer Context During Intake","As a Customer Support Specialist (CSS), I want to see account summary during intake, so that I understand financial risk while quoting.","Context panel prevents quoting blind to account issues.","1. Show outstanding balance.\n2. Show active products.\n3. Show recent tickets.\n4. Refresh when customer changes.\n5. Load under 2 seconds.","Day 3, Part 1 [0:48:00 – 0:55:00]","Reduces risk of quoting delinquent accounts.","TBD"

"CUBE-D3-008","Approval Workflow","Workflow","Quote State Management","Draft vs Final","Control Quote States","As a Customer Support Specialist (CSS), I want clear draft and finalized states, so that workflow is controlled.","Quote lifecycle must be clearly defined.","1. Draft editable.\n2. Finalized locked.\n3. Pending Approval visible.\n4. Status indicator prominent.\n5. Log state transitions.","Day 3, Part 1 [0:55:00 – 1:00:00]","Connects intake to governance.","TBD"

"CUBE-D3-009","Mapping & Location","Integration","Embedded Map","Map Validation","Embed Map for Site Validation","As a Customer Support Specialist (CSS), I want an embedded map during intake, so that I confirm service location visually.","Visual confirmation reduces mis-delivery.","1. Display map based on address.\n2. Show geocoded coordinates.\n3. Allow correction.\n4. Save coordinates to site.\n5. Handle invalid address.","Day 3, Part 2 [0:05:00 – 0:12:00]","Bridges to Day 5 mapping expansion.","TBD"

"CUBE-D3-010","Operations & Fulfillment","Workflow","Fulfillment Trigger","Auto Create Fulfillment","Create Fulfillment From Intake","As a Customer Support Specialist (CSS), I want fulfillment optionally created when quote finalizes, so that operations are triggered immediately.","Reduces delay between sale and execution.","1. Toggle to create fulfillment.\n2. Only after approval if required.\n3. Link fulfillment to quote ID.\n4. Notify operations.\n5. Prevent duplicates.","Day 3, Part 2 [0:12:00 – 0:18:00]","Connects sales to ops seamlessly.","TBD"

"CUBE-D3-011","Core Platform","Data Integrity","Duplicate Prevention","Duplicate Quote Detection","Prevent Duplicate Quotes","As a Customer Support Specialist (CSS), I want duplicate quotes detected, so that customers are not double-billed.","Duplicate prevention protects revenue integrity.","1. Detect same customer + site + product within time window.\n2. Show warning.\n3. Allow override with justification.\n4. Log override.\n5. Block accidental double submit.","Day 3, Part 2 [0:18:00 – 0:24:00]","Critical to avoid billing errors.","TBD"

"CUBE-D3-012","Core Platform","UI/UX","Keyboard Optimization","Shortcut Support","Enable Keyboard-Optimized Intake","As a Customer Support Specialist (CSS), I want keyboard shortcuts, so that intake speed improves during live calls.","Call efficiency matters at scale.","1. Logical tab order.\n2. Enter submits draft.\n3. Shortcut for search.\n4. Shortcut for save.\n5. No forced mouse-only actions.","Day 3, Part 2 [0:24:00 – 0:30:00]","Supports high-volume agents.","TBD"

"CUBE-D3-013","Pricing & Margin Engine","Functional Logic","Draft Repricing","Edit Draft Quote","Allow Repricing Before Finalization","As a Customer Support Specialist (CSS), I want to adjust pricing before finalization, so that negotiations can occur without restarting.","Draft flexibility supports real-world sales.","1. Unlimited edits in draft state.\n2. Recalculate margin instantly.\n3. Maintain edit history.\n4. Trigger approval if needed.\n5. Preserve audit trail.","Day 3, Part 2 [0:30:00 – 0:36:00]","Negotiation-safe pricing model.","TBD"

"CUBE-D3-014","Operations & Fulfillment","Integration","Scheduling","Inline Delivery Scheduling","Schedule Delivery During Intake","As a Customer Support Specialist (CSS), I want to schedule delivery during intake, so that operations alignment happens immediately.","Scheduling must not require separate navigation.","1. Select date inline.\n2. Validate blackout dates.\n3. Sync with operations calendar.\n4. Prevent past dates.\n5. Save to fulfillment record.","Day 3, Part 2 [0:36:00 – 0:42:00]","Requires calendar integration.","TBD"

"CUBE-D3-015","Reporting & Dashboard","Reporting","Intake Analytics","Duration Tracking","Track Intake Completion Time","As a Customer Success Manager (CSM), I want intake duration measured, so that quoting efficiency is monitored.","Performance metrics matter for scaling teams.","1. Record start timestamp.\n2. Record completion timestamp.\n3. Calculate duration automatically.\n4. Exclude abandoned drafts.\n5. Include in dashboard report.","Day 3, Part 2 [0:42:00 – 0:48:00]","Supports operational KPI tracking.","TBD"

"CUBE-D3-016","Core Platform","Security","Access Control","Role-Based Intake Access","Restrict Intake Access by Role","As an Administrator (Admin), I want intake access restricted by role, so that unauthorized users cannot create quotes.","Access control protects pricing authority.","1. Only CSS and CSM allowed.\n2. Block direct URL access.\n3. Log access attempts.\n4. Configurable permission matrix.\n5. Clear access denied message.","Day 3, Part 2 [0:48:00 – 0:52:00]","Prevents unauthorized quoting.","TBD"

"CUBE-D3-017","Core Platform","Data Integrity","Autosave","Draft Autosave","Auto-Save Intake Draft","As a Customer Support Specialist (CSS), I want intake drafts auto-saved, so that data is not lost during long calls.","Autosave prevents frustration and data loss.","1. Save every 60 seconds.\n2. Restore on reload.\n3. Notify user of autosave.\n4. Prevent duplicate drafts.\n5. Allow manual save override.","Day 3, Part 2 [0:52:00 – 0:55:00]","Critical usability safeguard.","TBD"

"CUBE-D3-018","Core Platform","UI/UX","Validation","Inline Error Display","Display Inline Validation Errors","As a Customer Support Specialist (CSS), I want validation errors shown inline, so that I correct issues immediately.","Clear validation improves speed and accuracy.","1. Highlight missing required fields.\n2. Provide descriptive messages.\n3. Prevent save until resolved.\n4. Preserve entered data.\n5. Scroll to first error.","Day 3, Part 2 [0:55:00 – 0:58:00]","Improves usability consistency.","TBD"

"CUBE-D3-019","Core Platform","Workflow","Draft Cancellation","Cancel Draft","Allow Safe Draft Cancellation","As a Customer Support Specialist (CSS), I want to cancel intake drafts safely, so that incomplete records do not clutter the system.","Draft cancellation must not delete linked records accidentally.","1. Confirmation prompt required.\n2. Delete draft only.\n3. Preserve audit entry.\n4. Do not delete customer record.\n5. Return to dashboard.","Day 3, Part 2 [0:58:00 – 1:00:00]","Prevents orphan data.","TBD"

"CUBE-D3-020","Reporting & Dashboard","Reporting","Conversion Analytics","Quote to Fulfillment Rate","Track Quote to Fulfillment Conversion","As a Customer Success Manager (CSM), I want to track conversion rate from intake to fulfillment, so that sales effectiveness is measurable.","Conversion analytics help evaluate intake quality.","1. Track finalized quotes.\n2. Track fulfillment creation.\n3. Calculate conversion percentage.\n4. Filter by user and region.\n5. Exportable report.","Day 3, Part 2 [1:00:00 – 1:05:00]","Connects intake with operations metrics.","TBD"